Date,High,Low,Open,Close,Volume,Adj Close
2017-12-01,24.93000030517578,24.75,24.75,24.75,601.0,24.75
2017-12-04,24.75,24.75,24.75,24.75,0.0,24.75
2017-12-05,24.75,24.75,24.75,24.75,0.0,24.75
2017-12-06,24.850000381469727,24.799999237060547,24.850000381469727,24.799999237060547,1502.0,24.799999237060547
2017-12-07,24.790000915527344,24.788999557495117,24.790000915527344,24.790000915527344,10500.0,24.790000915527344
2017-12-08,24.899999618530273,24.899999618530273,24.899999618530273,24.899999618530273,500.0,24.899999618530273
2017-12-11,24.799999237060547,24.799999237060547,24.799999237060547,24.799999237060547,530.0,24.799999237060547
2017-12-12,24.90999984741211,24.90999984741211,24.90999984741211,24.90999984741211,5432.0,24.90999984741211
2017-12-13,24.90999984741211,24.90999984741211,24.90999984741211,24.90999984741211,0.0,24.90999984741211
2017-12-14,24.799999237060547,24.799999237060547,24.799999237060547,24.799999237060547,325.0,24.799999237060547
2017-12-15,24.889699935913086,24.72760009765625,24.72760009765625,24.889699935913086,402.0,24.889699935913086
2017-12-18,24.889699935913086,24.889699935913086,24.889699935913086,24.889699935913086,0.0,24.889699935913086
2017-12-19,25.280000686645508,25.280000686645508,25.280000686645508,25.280000686645508,100.0,25.280000686645508
2017-12-20,25.329999923706055,25.20680046081543,25.329999923706055,25.329999923706055,1700.0,25.329999923706055
2017-12-21,25.530000686645508,24.56999969482422,24.56999969482422,25.530000686645508,301.0,25.530000686645508
2017-12-22,25.40999984741211,25.3799991607666,25.40999984741211,25.3799991607666,304.0,25.3799991607666
2017-12-26,25.33009910583496,25.329999923706055,25.329999923706055,25.33009910583496,280.0,25.33009910583496
2017-12-27,25.33009910583496,25.33009910583496,25.33009910583496,25.33009910583496,0.0,25.33009910583496
2017-12-28,25.33009910583496,25.33009910583496,25.33009910583496,25.33009910583496,0.0,25.33009910583496
2017-12-29,25.33009910583496,25.33009910583496,25.33009910583496,25.33009910583496,0.0,25.33009910583496
2018-01-02,25.450000762939453,25.409900665283203,25.450000762939453,25.409900665283203,400.0,25.409900665283203
2018-01-03,25.409900665283203,25.409900665283203,25.409900665283203,25.409900665283203,0.0,25.409900665283203
2018-01-04,25.409900665283203,25.409900665283203,25.409900665283203,25.409900665283203,0.0,25.409900665283203
2018-01-05,25.399999618530273,25.399999618530273,25.399999618530273,25.399999618530273,200.0,25.399999618530273
2018-01-08,25.3799991607666,25.3799991607666,25.3799991607666,25.3799991607666,234.0,25.3799991607666
2018-01-09,25.3794002532959,25.3794002532959,25.3794002532959,25.3794002532959,550.0,25.3794002532959
2018-01-10,25.3794002532959,25.3794002532959,25.3794002532959,25.3794002532959,0.0,25.3794002532959
2018-01-11,25.969999313354492,25.3799991607666,25.65999984741211,25.969999313354492,2180.0,25.969999313354492
2018-01-12,26.15999984741211,26.149999618530273,26.149999618530273,26.15999984741211,321.0,26.15999984741211
2018-01-16,26.239900588989258,26.079999923706055,26.239900588989258,26.079999923706055,1009.0,26.079999923706055
2018-01-17,26.09000015258789,25.94300079345703,26.09000015258789,25.94300079345703,412.0,25.94300079345703
2018-01-18,25.969999313354492,25.969999313354492,25.969999313354492,25.969999313354492,236.0,25.969999313354492
2018-01-19,26.128299713134766,26.050100326538086,26.128299713134766,26.12820053100586,1200.0,26.12820053100586
2018-01-22,26.12820053100586,26.12820053100586,26.12820053100586,26.12820053100586,0.0,26.12820053100586
2018-01-23,26.389999389648438,26.389999389648438,26.389999389648438,26.389999389648438,191.0,26.389999389648438
2018-01-24,26.469999313354492,26.219999313354492,26.469900131225586,26.219999313354492,759.0,26.219999313354492
2018-01-25,26.219999313354492,26.219999313354492,26.219999313354492,26.219999313354492,0.0,26.219999313354492
2018-01-26,26.219999313354492,26.219999313354492,26.219999313354492,26.219999313354492,0.0,26.219999313354492
2018-01-29,26.209999084472656,26.209999084472656,26.209999084472656,26.209999084472656,257.0,26.209999084472656
2018-01-30,25.950000762939453,25.950000762939453,25.950000762939453,25.950000762939453,500.0,25.950000762939453
2018-01-31,25.950000762939453,25.950000762939453,25.950000762939453,25.950000762939453,0.0,25.950000762939453
2018-02-01,25.479999542236328,25.479999542236328,25.479999542236328,25.479999542236328,237.0,25.479999542236328
2018-02-02,27.030000686645508,25.15999984741211,27.030000686645508,25.15999984741211,513.0,25.15999984741211
2018-02-05,25.15999984741211,25.15999984741211,25.15999984741211,25.15999984741211,0.0,25.15999984741211
2018-02-06,24.170000076293945,24.0,24.0,24.170000076293945,1300.0,24.170000076293945
2018-02-07,24.399999618530273,24.2810001373291,24.399999618530273,24.2810001373291,1051.0,24.2810001373291
2018-02-08,24.2810001373291,24.2810001373291,24.2810001373291,24.2810001373291,0.0,24.2810001373291
2018-02-09,23.549999237060547,23.447999954223633,23.549999237060547,23.447999954223633,400.0,23.447999954223633
2018-02-12,24.01219940185547,23.92009925842285,23.92009925842285,24.01219940185547,520.0,24.01219940185547
2018-02-13,24.01219940185547,24.01219940185547,24.01219940185547,24.01219940185547,0.0,24.01219940185547
2018-02-14,24.01219940185547,24.01219940185547,24.01219940185547,24.01219940185547,0.0,24.01219940185547
2018-02-15,24.01219940185547,24.01219940185547,24.01219940185547,24.01219940185547,0.0,24.01219940185547
2018-02-16,23.989999771118164,23.989999771118164,23.989999771118164,23.989999771118164,150.0,23.989999771118164
2018-02-20,24.6200008392334,24.6200008392334,24.6200008392334,24.6200008392334,1747.0,24.6200008392334
2018-02-21,24.82990074157715,24.82990074157715,24.82990074157715,24.82990074157715,101.0,24.82990074157715
2018-02-22,24.82990074157715,24.82990074157715,24.82990074157715,24.82990074157715,0.0,24.82990074157715
2018-02-23,24.700000762939453,24.699899673461914,24.699899673461914,24.700000762939453,910.0,24.700000762939453
2018-02-26,25.059999465942383,24.81399917602539,24.8612003326416,25.059900283813477,1601.0,25.059900283813477
2018-02-27,25.059900283813477,25.059900283813477,25.059900283813477,25.059900283813477,0.0,25.059900283813477
2018-02-28,25.059900283813477,25.059900283813477,25.059900283813477,25.059900283813477,0.0,25.059900283813477
2018-03-01,24.275400161743164,24.186800003051758,24.239999771118164,24.186800003051758,2175.0,24.186800003051758
2018-03-02,24.186800003051758,24.186800003051758,24.186800003051758,24.186800003051758,0.0,24.186800003051758
2018-03-05,24.186800003051758,24.186800003051758,24.186800003051758,24.186800003051758,0.0,24.186800003051758
2018-03-06,24.920000076293945,24.920000076293945,24.920000076293945,24.920000076293945,135.0,24.920000076293945
2018-03-07,24.920000076293945,24.920000076293945,24.920000076293945,24.920000076293945,0.0,24.920000076293945
2018-03-08,24.920000076293945,24.920000076293945,24.920000076293945,24.920000076293945,0.0,24.920000076293945
2018-03-09,24.920000076293945,24.920000076293945,24.920000076293945,24.920000076293945,0.0,24.920000076293945
2018-03-12,24.920000076293945,24.920000076293945,24.920000076293945,24.920000076293945,0.0,24.920000076293945
2018-03-13,25.329999923706055,24.920000076293945,24.920000076293945,25.329999923706055,602.0,25.329999923706055
2018-03-14,25.329999923706055,25.329999923706055,25.329999923706055,25.329999923706055,0.0,25.329999923706055
2018-03-15,25.329999923706055,25.329999923706055,25.329999923706055,25.329999923706055,0.0,25.329999923706055
2018-03-16,25.329999923706055,25.329999923706055,25.329999923706055,25.329999923706055,0.0,25.329999923706055
2018-03-19,25.329999923706055,25.329999923706055,25.329999923706055,25.329999923706055,0.0,25.329999923706055
2018-03-20,25.329999923706055,25.329999923706055,25.329999923706055,25.329999923706055,0.0,25.329999923706055
2018-03-21,25.329999923706055,25.329999923706055,25.329999923706055,25.329999923706055,0.0,25.329999923706055
2018-03-22,25.329999923706055,25.329999923706055,25.329999923706055,25.329999923706055,0.0,25.329999923706055
2018-03-23,24.56999969482422,24.56999969482422,24.56999969482422,24.56999969482422,101.0,24.56999969482422
2018-03-26,24.56999969482422,24.56999969482422,24.56999969482422,24.56999969482422,0.0,24.56999969482422
2018-03-27,24.434999465942383,24.3799991607666,24.3799991607666,24.434999465942383,2000.0,24.434999465942383
2018-03-28,24.434999465942383,24.434999465942383,24.434999465942383,24.434999465942383,0.0,24.434999465942383
2018-03-29,24.434999465942383,24.434999465942383,24.434999465942383,24.434999465942383,0.0,24.434999465942383
2018-04-02,24.434999465942383,24.434999465942383,24.434999465942383,24.434999465942383,0.0,24.434999465942383
2018-04-03,24.434999465942383,24.434999465942383,24.434999465942383,24.434999465942383,0.0,24.434999465942383
2018-04-04,24.434999465942383,24.434999465942383,24.434999465942383,24.434999465942383,0.0,24.434999465942383
2018-04-05,25.170000076293945,25.170000076293945,25.170000076293945,25.170000076293945,100.0,25.170000076293945
2018-04-06,25.04010009765625,25.04010009765625,25.04010009765625,25.04010009765625,405.0,25.04010009765625
2018-04-09,25.04010009765625,25.04010009765625,25.04010009765625,25.04010009765625,0.0,25.04010009765625
2018-04-10,25.04010009765625,25.04010009765625,25.04010009765625,25.04010009765625,0.0,25.04010009765625
2018-04-11,25.04010009765625,25.04010009765625,25.04010009765625,25.04010009765625,0.0,25.04010009765625
2018-04-12,25.04010009765625,25.04010009765625,25.04010009765625,25.04010009765625,0.0,25.04010009765625
2018-04-13,25.04010009765625,25.04010009765625,25.04010009765625,25.04010009765625,0.0,25.04010009765625
2018-04-16,25.030000686645508,25.030000686645508,25.030000686645508,25.030000686645508,136.0,25.030000686645508
2018-04-17,25.790000915527344,25.790000915527344,25.790000915527344,25.790000915527344,100.0,25.790000915527344
2018-04-18,25.790000915527344,25.790000915527344,25.790000915527344,25.790000915527344,0.0,25.790000915527344
2018-04-19,25.989999771118164,25.9375,25.989999771118164,25.9375,1779.0,25.9375
2018-04-20,25.690000534057617,25.689199447631836,25.689199447631836,25.690000534057617,1000.0,25.690000534057617
2018-04-23,25.690000534057617,25.690000534057617,25.690000534057617,25.690000534057617,0.0,25.690000534057617
2018-04-24,25.690000534057617,25.690000534057617,25.690000534057617,25.690000534057617,0.0,25.690000534057617
2018-04-25,25.690000534057617,25.690000534057617,25.690000534057617,25.690000534057617,0.0,25.690000534057617
2018-04-26,25.72010040283203,25.719999313354492,25.719999313354492,25.72010040283203,800.0,25.72010040283203
2018-04-27,25.899999618530273,25.678699493408203,25.899999618530273,25.678699493408203,850.0,25.678699493408203
2018-04-30,25.678699493408203,25.678699493408203,25.678699493408203,25.678699493408203,0.0,25.678699493408203
2018-05-01,25.678699493408203,25.678699493408203,25.678699493408203,25.678699493408203,0.0,25.678699493408203
2018-05-02,25.678699493408203,25.678699493408203,25.678699493408203,25.678699493408203,0.0,25.678699493408203
2018-05-03,25.678699493408203,25.678699493408203,25.678699493408203,25.678699493408203,0.0,25.678699493408203
2018-05-04,26.049999237060547,25.399999618530273,26.049999237060547,25.770000457763672,2404.0,25.770000457763672
2018-05-07,26.040000915527344,26.040000915527344,26.040000915527344,26.040000915527344,505.0,26.040000915527344
2018-05-08,25.979999542236328,25.709999084472656,25.850000381469727,25.899999618530273,2772.0,25.899999618530273
2018-05-09,25.899999618530273,25.899999618530273,25.899999618530273,25.899999618530273,0.0,25.899999618530273
2018-05-10,26.25,26.25,26.25,26.25,400.0,26.25
2018-05-11,26.25,26.25,26.25,26.25,0.0,26.25
2018-05-14,26.25,26.25,26.25,26.25,0.0,26.25
2018-05-15,26.25,26.25,26.25,26.25,0.0,26.25
2018-05-16,26.25,26.25,26.25,26.25,0.0,26.25
2018-05-17,26.25,26.25,26.25,26.25,0.0,26.25
2018-05-18,26.25,26.25,26.25,26.25,0.0,26.25
2018-05-21,27.040000915527344,27.0393009185791,27.0393009185791,27.040000915527344,600.0,27.040000915527344
2018-05-22,27.040000915527344,27.040000915527344,27.040000915527344,27.040000915527344,0.0,27.040000915527344
2018-05-23,27.040000915527344,27.040000915527344,27.040000915527344,27.040000915527344,0.0,27.040000915527344
2018-05-24,27.040000915527344,27.040000915527344,27.040000915527344,27.040000915527344,0.0,27.040000915527344
2018-05-25,26.899999618530273,26.795000076293945,26.899999618530273,26.850000381469727,1008.0,26.850000381469727
2018-05-29,26.752700805664062,26.75,26.752700805664062,26.752700805664062,402.0,26.752700805664062
2018-05-30,26.752700805664062,26.752700805664062,26.752700805664062,26.752700805664062,0.0,26.752700805664062
2018-05-31,26.752700805664062,26.752700805664062,26.752700805664062,26.752700805664062,0.0,26.752700805664062
2018-06-01,26.992700576782227,26.992700576782227,26.992700576782227,26.992700576782227,304.0,26.992700576782227
2018-06-04,26.992700576782227,26.992700576782227,26.992700576782227,26.992700576782227,0.0,26.992700576782227
2018-06-05,26.992700576782227,26.992700576782227,26.992700576782227,26.992700576782227,0.0,26.992700576782227
2018-06-06,26.992700576782227,26.992700576782227,26.992700576782227,26.992700576782227,0.0,26.992700576782227
2018-06-07,26.992700576782227,26.992700576782227,26.992700576782227,26.992700576782227,0.0,26.992700576782227
2018-06-08,27.736900329589844,27.719999313354492,27.719999313354492,27.736900329589844,800.0,27.736900329589844
2018-06-11,27.736900329589844,27.736900329589844,27.736900329589844,27.736900329589844,0.0,27.736900329589844
2018-06-12,27.736900329589844,27.736900329589844,27.736900329589844,27.736900329589844,0.0,27.736900329589844
2018-06-13,27.651500701904297,27.651500701904297,27.651500701904297,27.651500701904297,101.0,27.651500701904297
2018-06-14,27.651500701904297,27.651500701904297,27.651500701904297,27.651500701904297,0.0,27.651500701904297
2018-06-15,27.651500701904297,27.651500701904297,27.651500701904297,27.651500701904297,0.0,27.651500701904297
2018-06-18,28.700000762939453,27.76300048828125,28.700000762939453,27.8799991607666,2400.0,27.8799991607666
2018-06-19,27.8799991607666,27.8799991607666,27.8799991607666,27.8799991607666,0.0,27.8799991607666
2018-06-20,27.809999465942383,27.719999313354492,27.719999313354492,27.770000457763672,1816.0,27.770000457763672
2018-06-21,27.770000457763672,27.770000457763672,27.770000457763672,27.770000457763672,0.0,27.770000457763672
2018-06-22,27.770000457763672,27.770000457763672,27.770000457763672,27.770000457763672,0.0,27.770000457763672
2018-06-25,27.770000457763672,27.770000457763672,27.770000457763672,27.770000457763672,0.0,27.770000457763672
2018-06-26,27.770000457763672,27.770000457763672,27.770000457763672,27.770000457763672,0.0,27.770000457763672
2018-06-27,27.75,27.75,27.75,27.75,101.0,27.75
2018-06-28,27.5,27.5,27.5,27.5,1092.0,27.5
2018-06-29,27.5,27.5,27.5,27.5,0.0,27.5
2018-07-02,27.5,27.5,27.5,27.5,0.0,27.5
2018-07-03,27.5,27.5,27.5,27.5,0.0,27.5
2018-07-05,27.609899520874023,27.55299949645996,27.609899520874023,27.55299949645996,300.0,27.55299949645996
2018-07-06,28.030000686645508,27.9768009185791,28.030000686645508,27.9768009185791,400.0,27.9768009185791
2018-07-09,28.18000030517578,28.179899215698242,28.179899215698242,28.18000030517578,882.0,28.18000030517578
2018-07-10,28.170000076293945,28.059999465942383,28.170000076293945,28.059999465942383,514.0,28.059999465942383
2018-07-11,27.34709930419922,27.34709930419922,27.34709930419922,27.34709930419922,402.0,27.34709930419922
2018-07-12,27.34709930419922,27.34709930419922,27.34709930419922,27.34709930419922,0.0,27.34709930419922
2018-07-13,27.34709930419922,27.34709930419922,27.34709930419922,27.34709930419922,0.0,27.34709930419922
2018-07-16,27.34709930419922,27.34709930419922,27.34709930419922,27.34709930419922,0.0,27.34709930419922
2018-07-17,27.59000015258789,27.530000686645508,27.59000015258789,27.530000686645508,400.0,27.530000686645508
2018-07-18,27.6200008392334,27.61989974975586,27.61989974975586,27.6200008392334,726.0,27.6200008392334
2018-07-19,27.6200008392334,27.6200008392334,27.6200008392334,27.6200008392334,0.0,27.6200008392334
2018-07-20,27.829999923706055,27.829999923706055,27.829999923706055,27.829999923706055,290.0,27.829999923706055
2018-07-23,27.700000762939453,27.65999984741211,27.65999984741211,27.700000762939453,606.0,27.700000762939453
2018-07-24,27.700000762939453,27.700000762939453,27.700000762939453,27.700000762939453,0.0,27.700000762939453
2018-07-25,27.141000747680664,27.141000747680664,27.141000747680664,27.141000747680664,275.0,27.141000747680664
2018-07-26,27.637300491333008,27.604799270629883,27.637300491333008,27.604799270629883,1210.0,27.604799270629883
2018-07-27,27.729999542236328,27.729999542236328,27.729999542236328,27.729999542236328,162.0,27.729999542236328
2018-07-30,27.729999542236328,27.729999542236328,27.729999542236328,27.729999542236328,0.0,27.729999542236328
2018-07-31,27.52199935913086,27.52199935913086,27.52199935913086,27.52199935913086,100.0,27.52199935913086
2018-08-01,27.510000228881836,27.251699447631836,27.510000228881836,27.251699447631836,1183.0,27.251699447631836
2018-08-02,27.3799991607666,27.3799991607666,27.3799991607666,27.3799991607666,370.0,27.3799991607666
2018-08-03,27.576200485229492,27.517900466918945,27.576200485229492,27.517900466918945,345.0,27.517900466918945
2018-08-06,28.34000015258789,27.700000762939453,28.34000015258789,27.700000762939453,946.0,27.700000762939453
2018-08-07,27.700000762939453,27.700000762939453,27.700000762939453,27.700000762939453,0.0,27.700000762939453
2018-08-08,27.66200065612793,27.66200065612793,27.66200065612793,27.66200065612793,702.0,27.66200065612793
2018-08-09,27.66200065612793,27.66200065612793,27.66200065612793,27.66200065612793,0.0,27.66200065612793
2018-08-10,28.030000686645508,28.030000686645508,28.030000686645508,28.030000686645508,108.0,28.030000686645508
2018-08-13,27.920000076293945,27.760000228881836,27.920000076293945,27.88159942626953,750.0,27.88159942626953
2018-08-14,27.88159942626953,27.88159942626953,27.88159942626953,27.88159942626953,0.0,27.88159942626953
2018-08-15,27.88159942626953,27.88159942626953,27.88159942626953,27.88159942626953,0.0,27.88159942626953
2018-08-16,27.88159942626953,27.88159942626953,27.88159942626953,27.88159942626953,0.0,27.88159942626953
2018-08-17,27.88159942626953,27.88159942626953,27.88159942626953,27.88159942626953,0.0,27.88159942626953
2018-08-20,28.3799991607666,28.369199752807617,28.3799991607666,28.369199752807617,1453.0,28.369199752807617
2018-08-21,28.760000228881836,28.508499145507812,28.679000854492188,28.5939998626709,2078.0,28.5939998626709
2018-08-22,28.5939998626709,28.5939998626709,28.5939998626709,28.5939998626709,0.0,28.5939998626709
2018-08-23,28.59779930114746,28.59779930114746,28.59779930114746,28.59779930114746,150.0,28.59779930114746
2018-08-24,28.59779930114746,28.59779930114746,28.59779930114746,28.59779930114746,0.0,28.59779930114746
2018-08-27,28.68000030517578,28.649999618530273,28.649999618530273,28.68000030517578,869.0,28.68000030517578
2018-08-28,28.670000076293945,28.670000076293945,28.670000076293945,28.670000076293945,106.0,28.670000076293945
2018-08-29,28.670000076293945,28.670000076293945,28.670000076293945,28.670000076293945,0.0,28.670000076293945
2018-08-30,28.354700088500977,28.354700088500977,28.354700088500977,28.354700088500977,175.0,28.354700088500977
2018-08-31,28.27989959716797,28.200000762939453,28.200000762939453,28.26129913330078,1442.0,28.26129913330078
2018-09-04,28.299999237060547,28.046199798583984,28.299999237060547,28.046199798583984,620.0,28.046199798583984
2018-09-05,28.139999389648438,28.139999389648438,28.139999389648438,28.139999389648438,1800.0,28.139999389648438
2018-09-06,27.84000015258789,27.833499908447266,27.84000015258789,27.833499908447266,3430.0,27.833499908447266
2018-09-07,27.899999618530273,27.770000457763672,27.899999618530273,27.770000457763672,529.0,27.770000457763672
2018-09-10,28.0,27.899999618530273,28.0,27.899999618530273,579.0,27.899999618530273
2018-09-11,27.899999618530273,27.75,27.75,27.899999618530273,5100.0,27.899999618530273
2018-09-12,27.889999389648438,27.736400604248047,27.736400604248047,27.889999389648438,729.0,27.889999389648438
2018-09-13,27.799999237060547,27.75,27.799999237060547,27.75,606.0,27.75
2018-09-14,27.90999984741211,27.75,27.75,27.90999984741211,911.0,27.90999984741211
2018-09-17,27.979999542236328,27.790000915527344,27.979999542236328,27.809999465942383,12300.0,27.809999465942383
2018-09-18,27.73940086364746,27.73940086364746,27.73940086364746,27.73940086364746,216.0,27.73940086364746
2018-09-19,27.969999313354492,27.79450035095215,27.950000762939453,27.79450035095215,717.0,27.79450035095215
2018-09-20,27.969999313354492,27.941499710083008,27.969999313354492,27.941499710083008,1889.0,27.941499710083008
2018-09-21,27.950000762939453,27.950000762939453,27.950000762939453,27.950000762939453,644.0,27.950000762939453
2018-09-24,27.950000762939453,27.950000762939453,27.950000762939453,27.950000762939453,0.0,27.950000762939453
2018-09-25,27.600000381469727,27.49489974975586,27.49489974975586,27.600000381469727,2160.0,27.600000381469727
2018-09-26,27.600000381469727,27.600000381469727,27.600000381469727,27.600000381469727,0.0,27.600000381469727
2018-09-27,27.40999984741211,27.401500701904297,27.40999984741211,27.401500701904297,449.0,27.401500701904297
2018-09-28,27.420000076293945,27.411500930786133,27.420000076293945,27.411500930786133,721.0,27.411500930786133
2018-10-01,27.411500930786133,27.411500930786133,27.411500930786133,27.411500930786133,0.0,27.411500930786133
2018-10-02,26.8700008392334,26.729999542236328,26.8700008392334,26.729999542236328,1424.0,26.729999542236328
2018-10-03,26.729999542236328,26.729999542236328,26.729999542236328,26.729999542236328,0.0,26.729999542236328
2018-10-04,26.899999618530273,26.899999618530273,26.899999618530273,26.899999618530273,478.0,26.899999618530273
2018-10-05,26.573200225830078,26.573200225830078,26.573200225830078,26.573200225830078,1000.0,26.573200225830078
2018-10-08,26.573200225830078,26.573200225830078,26.573200225830078,26.573200225830078,0.0,26.573200225830078
2018-10-09,26.573200225830078,26.573200225830078,26.573200225830078,26.573200225830078,0.0,26.573200225830078
2018-10-10,26.573200225830078,26.573200225830078,26.573200225830078,26.573200225830078,0.0,26.573200225830078
2018-10-11,25.920299530029297,25.6299991607666,25.920299530029297,25.6299991607666,809.0,25.6299991607666
2018-10-12,25.6299991607666,25.6299991607666,25.6299991607666,25.6299991607666,734.0,25.6299991607666
2018-10-15,25.6299991607666,25.6299991607666,25.6299991607666,25.6299991607666,0.0,25.6299991607666
2018-10-16,26.1299991607666,25.77989959716797,25.77989959716797,26.1299991607666,500.0,26.1299991607666
2018-10-17,26.079999923706055,26.049999237060547,26.079999923706055,26.049999237060547,401.0,26.049999237060547
2018-10-18,26.049999237060547,26.049999237060547,26.049999237060547,26.049999237060547,0.0,26.049999237060547
2018-10-19,25.360000610351562,25.360000610351562,25.360000610351562,25.360000610351562,1070.0,25.360000610351562
2018-10-22,25.190000534057617,25.190000534057617,25.190000534057617,25.190000534057617,473.0,25.190000534057617
2018-10-23,24.723800659179688,24.723800659179688,24.723800659179688,24.723800659179688,100.0,24.723800659179688
2018-10-24,24.850000381469727,24.5,24.5,24.850000381469727,450.0,24.850000381469727
2018-10-25,24.850000381469727,24.850000381469727,24.850000381469727,24.850000381469727,0.0,24.850000381469727
2018-10-26,24.334999084472656,24.334999084472656,24.334999084472656,24.334999084472656,263.0,24.334999084472656
2018-10-29,24.334999084472656,24.334999084472656,24.334999084472656,24.334999084472656,0.0,24.334999084472656
2018-10-30,24.334999084472656,24.334999084472656,24.334999084472656,24.334999084472656,0.0,24.334999084472656
2018-10-31,24.334999084472656,24.334999084472656,24.334999084472656,24.334999084472656,0.0,24.334999084472656
2018-11-01,24.700000762939453,24.700000762939453,24.700000762939453,24.700000762939453,242.0,24.700000762939453
2018-11-02,24.700000762939453,24.700000762939453,24.700000762939453,24.700000762939453,0.0,24.700000762939453
2018-11-05,24.700000762939453,24.700000762939453,24.700000762939453,24.700000762939453,0.0,24.700000762939453
2018-11-06,24.700000762939453,24.700000762939453,24.700000762939453,24.700000762939453,0.0,24.700000762939453
2018-11-07,24.700000762939453,24.700000762939453,24.700000762939453,24.700000762939453,0.0,24.700000762939453
2018-11-08,24.700000762939453,24.700000762939453,24.700000762939453,24.700000762939453,0.0,24.700000762939453
2018-11-09,24.700000762939453,24.700000762939453,24.700000762939453,24.700000762939453,0.0,24.700000762939453
2018-11-12,24.700000762939453,24.700000762939453,24.700000762939453,24.700000762939453,0.0,24.700000762939453
2018-11-13,24.899999618530273,24.891199111938477,24.891199111938477,24.899999618530273,356.0,24.899999618530273
2018-11-14,24.899999618530273,24.899999618530273,24.899999618530273,24.899999618530273,0.0,24.899999618530273
2018-11-15,24.899999618530273,24.899999618530273,24.899999618530273,24.899999618530273,0.0,24.899999618530273
2018-11-16,24.899999618530273,24.899999618530273,24.899999618530273,24.899999618530273,0.0,24.899999618530273
2018-11-19,24.899999618530273,24.899999618530273,24.899999618530273,24.899999618530273,0.0,24.899999618530273
2018-11-20,24.899999618530273,24.899999618530273,24.899999618530273,24.899999618530273,0.0,24.899999618530273
2018-11-21,24.899999618530273,24.899999618530273,24.899999618530273,24.899999618530273,0.0,24.899999618530273
2018-11-23,24.899999618530273,24.899999618530273,24.899999618530273,24.899999618530273,0.0,24.899999618530273
2018-11-26,24.899999618530273,24.899999618530273,24.899999618530273,24.899999618530273,0.0,24.899999618530273
2018-11-27,24.899999618530273,24.899999618530273,24.899999618530273,24.899999618530273,0.0,24.899999618530273
2018-11-28,24.899999618530273,24.899999618530273,24.899999618530273,24.899999618530273,0.0,24.899999618530273
2018-11-29,24.899999618530273,24.899999618530273,24.899999618530273,24.899999618530273,0.0,24.899999618530273
2018-11-30,24.899999618530273,24.899999618530273,24.899999618530273,24.899999618530273,0.0,24.899999618530273
2018-12-03,24.899999618530273,24.899999618530273,24.899999618530273,24.899999618530273,0.0,24.899999618530273
2018-12-04,24.614999771118164,23.8700008392334,24.614999771118164,23.8700008392334,200.0,23.8700008392334
2018-12-06,23.8700008392334,23.8700008392334,23.8700008392334,23.8700008392334,0.0,23.8700008392334
2018-12-07,23.485000610351562,23.485000610351562,23.485000610351562,23.485000610351562,100.0,23.485000610351562
2018-12-10,22.782800674438477,22.782800674438477,22.782800674438477,22.782800674438477,2.0,22.782800674438477
2018-12-11,23.184999465942383,22.683799743652344,23.184999465942383,22.683799743652344,4601.0,22.683799743652344
2018-12-12,23.270000457763672,22.882400512695312,23.270000457763672,22.882400512695312,100.0,22.882400512695312
2018-12-13,22.559999465942383,22.453800201416016,22.559999465942383,22.453800201416016,100.0,22.453800201416016
2018-12-14,22.10849952697754,22.10849952697754,22.10849952697754,22.10849952697754,6.0,22.10849952697754
2018-12-17,21.71940040588379,21.71940040588379,21.71940040588379,21.71940040588379,36.0,21.71940040588379
2018-12-18,21.83169937133789,21.83169937133789,21.83169937133789,21.83169937133789,20.0,21.83169937133789
2018-12-19,21.444599151611328,21.444599151611328,21.444599151611328,21.444599151611328,120.0,21.444599151611328
2018-12-20,21.126100540161133,21.010000228881836,21.010000228881836,21.126100540161133,200.0,21.126100540161133
2018-12-21,20.64539909362793,20.64539909362793,20.64539909362793,20.64539909362793,1.0,20.64539909362793
2018-12-24,20.645000457763672,20.645000457763672,20.645000457763672,20.645000457763672,3.0,20.645000457763672
2018-12-26,18.452999114990234,18.452999114990234,18.452999114990234,18.452999114990234,400.0,18.452999114990234
2018-12-27,18.909900665283203,17.825000762939453,18.909900665283203,18.333999633789062,1400.0,18.333999633789062
2018-12-28,18.889999389648438,18.18079948425293,18.889999389648438,18.58289909362793,2080.0,18.58289909362793
2018-12-31,18.663299560546875,18.56999969482422,18.56999969482422,18.663299560546875,3718.0,18.663299560546875
2019-01-02,19.0314998626709,18.860000610351562,18.860000610351562,19.006999969482422,1216.0,19.006999969482422
2019-01-03,18.7632999420166,18.639999389648438,18.639999389648438,18.7632999420166,136.0,18.7632999420166
2019-01-04,19.41309928894043,19.41309928894043,19.41309928894043,19.41309928894043,60.0,19.41309928894043
2019-01-07,19.745100021362305,19.745100021362305,19.745100021362305,19.745100021362305,400.0,19.745100021362305
2019-01-08,19.989999771118164,19.971399307250977,19.989999771118164,19.971399307250977,256.0,19.971399307250977
2019-01-09,20.579999923706055,19.829999923706055,20.579999923706055,20.198299407958984,300.0,20.198299407958984
2019-01-10,20.350000381469727,20.299999237060547,20.346200942993164,20.299999237060547,433.0,20.299999237060547
2019-01-11,20.327299118041992,20.327299118041992,20.327299118041992,20.327299118041992,6.0,20.327299118041992
2019-01-14,20.194700241088867,20.149999618530273,20.149999618530273,20.194700241088867,114.0,20.194700241088867
2019-01-15,20.224899291992188,20.224899291992188,20.224899291992188,20.224899291992188,8.0,20.224899291992188
2019-01-16,20.37150001525879,20.3700008392334,20.3700008392334,20.37150001525879,203.0,20.37150001525879
2019-01-17,20.45400047302246,20.239999771118164,20.239999771118164,20.45400047302246,101.0,20.45400047302246
2019-01-18,20.68079948425293,20.68079948425293,20.68079948425293,20.68079948425293,8.0,20.68079948425293
2019-01-22,20.34000015258789,20.310300827026367,20.34000015258789,20.310300827026367,100.0,20.310300827026367
2019-01-23,20.399999618530273,20.302200317382812,20.39620018005371,20.302200317382812,201.0,20.302200317382812
2019-01-24,20.441600799560547,20.441600799560547,20.441600799560547,20.441600799560547,1.0,20.441600799560547
2019-01-25,20.760000228881836,20.56999969482422,20.760000228881836,20.75,901.0,20.75
2019-01-28,20.583099365234375,20.420000076293945,20.420000076293945,20.577800750732422,278.0,20.577800750732422
2019-01-29,20.53070068359375,20.53070068359375,20.53070068359375,20.53070068359375,1.0,20.53070068359375
2019-01-30,20.66819953918457,20.58009910583496,20.58009910583496,20.66819953918457,201.0,20.66819953918457
2019-01-31,20.750099182128906,20.750099182128906,20.750099182128906,20.750099182128906,1.0,20.750099182128906
2019-02-01,20.787799835205078,20.787799835205078,20.787799835205078,20.787799835205078,1.0,20.787799835205078
2019-02-04,20.955299377441406,20.955299377441406,20.955299377441406,20.955299377441406,1.0,20.955299377441406
2019-02-05,21.18600082397461,21.086200714111328,21.086200714111328,21.18600082397461,480.0,21.18600082397461
2019-02-06,21.079999923706055,21.079999923706055,21.079999923706055,21.079999923706055,1.0,21.079999923706055
2019-02-07,20.809999465942383,20.809999465942383,20.809999465942383,20.809999465942383,1.0,20.809999465942383
2019-02-08,20.69700050354004,20.69700050354004,20.69700050354004,20.69700050354004,1.0,20.69700050354004
2019-02-11,20.90999984741211,20.90999984741211,20.90999984741211,20.90999984741211,1.0,20.90999984741211
2019-02-12,21.3799991607666,21.229999542236328,21.260000228881836,21.271900177001953,1300.0,21.271900177001953
2019-02-13,21.378700256347656,21.378700256347656,21.378700256347656,21.378700256347656,134.0,21.378700256347656
2019-02-14,21.42639923095703,21.42639923095703,21.42639923095703,21.42639923095703,50.0,21.42639923095703
2019-02-15,21.737699508666992,21.737699508666992,21.737699508666992,21.737699508666992,1.0,21.737699508666992
2019-02-19,21.93000030517578,21.93000030517578,21.93000030517578,21.93000030517578,87.0,21.93000030517578
2019-02-20,22.021799087524414,22.021799087524414,22.021799087524414,22.021799087524414,2.0,22.021799087524414
2019-02-21,22.260000228881836,21.88949966430664,22.010000228881836,21.88949966430664,1382.0,21.88949966430664
2019-02-22,21.986000061035156,21.92099952697754,21.93000030517578,21.986000061035156,1381.0,21.986000061035156
2019-02-25,22.020000457763672,21.950700759887695,21.959999084472656,21.950700759887695,1130.0,21.950700759887695
2019-02-26,21.82309913635254,21.82309913635254,21.82309913635254,21.82309913635254,50.0,21.82309913635254
2019-02-27,21.795000076293945,21.639999389648438,21.639999389648438,21.795000076293945,456.0,21.795000076293945
2019-02-28,21.675500869750977,21.675500869750977,21.675500869750977,21.675500869750977,1.0,21.675500869750977
2019-03-01,21.795000076293945,21.795000076293945,21.795000076293945,21.795000076293945,80.0,21.795000076293945
2019-03-04,21.496999740600586,21.496999740600586,21.496999740600586,21.496999740600586,84.0,21.496999740600586
2019-03-05,21.360000610351562,21.360000610351562,21.360000610351562,21.360000610351562,1.0,21.360000610351562
2019-03-06,20.98509979248047,20.98509979248047,20.98509979248047,20.98509979248047,4.0,20.98509979248047
2019-03-07,20.790000915527344,20.65999984741211,20.75,20.790000915527344,936.0,20.790000915527344
2019-03-08,20.625,20.625,20.625,20.625,4.0,20.625
2019-03-11,20.969999313354492,20.969999313354492,20.969999313354492,20.969999313354492,4.0,20.969999313354492
2019-03-12,20.967599868774414,20.967599868774414,20.967599868774414,20.967599868774414,4.0,20.967599868774414
2019-03-13,21.02389907836914,21.02389907836914,21.02389907836914,21.02389907836914,4.0,21.02389907836914
2019-03-14,20.8799991607666,20.80660057067871,20.8799991607666,20.834400177001953,546.0,20.834400177001953
2019-03-15,20.903099060058594,20.903099060058594,20.903099060058594,20.903099060058594,82.0,20.903099060058594
2019-03-18,21.010700225830078,20.90999984741211,20.940000534057617,21.010700225830078,721.0,21.010700225830078
2019-03-19,21.329999923706055,20.90999984741211,21.329999923706055,20.90999984741211,1561.0,20.90999984741211
2019-03-20,20.889999389648438,20.60770034790039,20.889999389648438,20.60770034790039,792.0,20.60770034790039
2019-03-21,20.76099967956543,20.68000030517578,20.721799850463867,20.76099967956543,1320.0,20.76099967956543
2019-03-22,20.04759979248047,20.04759979248047,20.04759979248047,20.04759979248047,100.0,20.04759979248047
2019-03-25,20.104999542236328,20.104999542236328,20.104999542236328,20.104999542236328,1.0,20.104999542236328
2019-03-26,20.18869972229004,20.18869972229004,20.18869972229004,20.18869972229004,30.0,20.18869972229004
2019-03-27,20.327800750732422,20.25,20.25,20.327800750732422,350.0,20.327800750732422
2019-03-28,20.39739990234375,20.219999313354492,20.219999313354492,20.39739990234375,102.0,20.39739990234375
2019-03-29,20.395000457763672,20.290000915527344,20.290000915527344,20.395000457763672,101.0,20.395000457763672
2019-04-01,20.753400802612305,20.579999923706055,20.579999923706055,20.753400802612305,101.0,20.753400802612305
2019-04-02,20.635000228881836,20.635000228881836,20.635000228881836,20.635000228881836,4.0,20.635000228881836
2019-04-03,20.71500015258789,20.71500015258789,20.71500015258789,20.71500015258789,4.0,20.71500015258789
2019-04-04,20.97100067138672,20.97100067138672,20.97100067138672,20.97100067138672,32.0,20.97100067138672
2019-04-05,21.10580062866211,20.989999771118164,20.989999771118164,21.10580062866211,100.0,21.10580062866211
2019-04-08,21.165000915527344,21.165000915527344,21.165000915527344,21.165000915527344,16.0,21.165000915527344
2019-04-09,20.8700008392334,20.8700008392334,20.8700008392334,20.8700008392334,3.0,20.8700008392334
2019-04-10,21.18000030517578,21.18000030517578,21.18000030517578,21.18000030517578,2.0,21.18000030517578
2019-04-11,21.150699615478516,21.150699615478516,21.150699615478516,21.150699615478516,16.0,21.150699615478516
2019-04-12,21.190000534057617,21.190000534057617,21.190000534057617,21.190000534057617,16.0,21.190000534057617
2019-04-15,21.149999618530273,21.149999618530273,21.149999618530273,21.149999618530273,16.0,21.149999618530273
2019-04-16,21.378299713134766,21.295000076293945,21.378299713134766,21.321399688720703,543.0,21.321399688720703
2019-04-17,21.31999969482422,21.31999969482422,21.31999969482422,21.31999969482422,16.0,21.31999969482422
2019-04-18,21.246700286865234,21.246700286865234,21.246700286865234,21.246700286865234,4.0,21.246700286865234
2019-04-22,21.270000457763672,20.979999542236328,21.059999465942383,21.146699905395508,3070.0,21.146699905395508
2019-04-23,21.299999237060547,21.030000686645508,21.030000686645508,21.299999237060547,101.0,21.299999237060547
2019-04-24,21.380199432373047,21.380199432373047,21.380199432373047,21.380199432373047,81.0,21.380199432373047
2019-04-25,21.209999084472656,21.082599639892578,21.1200008392334,21.137100219726562,1492.0,21.137100219726562
2019-04-26,21.14889907836914,21.1471004486084,21.14889907836914,21.1471004486084,1000.0,21.1471004486084
2019-04-29,21.299999237060547,21.299999237060547,21.299999237060547,21.299999237060547,89.0,21.299999237060547
2019-04-30,21.1299991607666,20.940000534057617,20.940000534057617,21.1299991607666,100.0,21.1299991607666
2019-05-01,20.94260025024414,20.94260025024414,20.94260025024414,20.94260025024414,1.0,20.94260025024414
2019-05-02,20.989999771118164,20.8799991607666,20.90999984741211,20.948999404907227,1297.0,20.948999404907227
2019-05-03,21.28499984741211,21.049999237060547,21.049999237060547,21.28499984741211,1270.0,21.28499984741211
2019-05-06,21.2632999420166,21.2632999420166,21.2632999420166,21.2632999420166,83.0,21.2632999420166
2019-05-07,20.84119987487793,20.84119987487793,20.84119987487793,20.84119987487793,2.0,20.84119987487793
2019-05-08,20.72260093688965,20.72260093688965,20.72260093688965,20.72260093688965,17.0,20.72260093688965
2019-05-09,20.610000610351562,20.610000610351562,20.610000610351562,20.610000610351562,25.0,20.610000610351562
2019-05-10,20.80500030517578,20.3700008392334,20.3700008392334,20.523300170898438,1994.0,20.523300170898438
2019-05-13,20.100000381469727,19.890100479125977,20.08989906311035,19.922800064086914,6800.0,19.922800064086914
2019-05-14,20.19499969482422,20.04199981689453,20.04199981689453,20.19499969482422,2794.0,20.19499969482422
2019-05-15,20.235000610351562,20.139999389648438,20.139999389648438,20.235000610351562,167.0,20.235000610351562
2019-05-16,20.180700302124023,20.180700302124023,20.180700302124023,20.180700302124023,204.0,20.180700302124023
2019-05-17,19.891000747680664,19.891000747680664,19.891000747680664,19.891000747680664,434.0,19.891000747680664
2019-05-20,19.7549991607666,19.7549991607666,19.7549991607666,19.7549991607666,40.0,19.7549991607666
2019-05-21,19.920000076293945,19.920000076293945,19.920000076293945,19.920000076293945,121.0,19.920000076293945
2019-05-22,19.90019989013672,19.559900283813477,19.90019989013672,19.559900283813477,101.0,19.559900283813477
2019-05-23,19.069700241088867,19.069700241088867,19.069700241088867,19.069700241088867,5.0,19.069700241088867
2019-05-24,19.28499984741211,19.28499984741211,19.28499984741211,19.28499984741211,1.0,19.28499984741211
2019-05-28,19.530000686645508,19.189699172973633,19.346900939941406,19.189699172973633,1700.0,19.189699172973633
2019-05-29,18.864900588989258,18.864900588989258,18.864900588989258,18.864900588989258,17.0,18.864900588989258
2019-05-30,18.8700008392334,18.706199645996094,18.8700008392334,18.706199645996094,1000.0,18.706199645996094
2019-05-31,18.421199798583984,18.375,18.421199798583984,18.375,1005.0,18.375
2019-06-03,18.52050018310547,18.52050018310547,18.52050018310547,18.52050018310547,409.0,18.52050018310547
2019-06-04,19.06529998779297,19.06529998779297,19.06529998779297,19.06529998779297,9.0,19.06529998779297
2019-06-05,18.81679916381836,18.81679916381836,18.81679916381836,18.81679916381836,9.0,18.81679916381836
2019-06-06,18.73509979248047,18.73509979248047,18.73509979248047,18.73509979248047,2.0,18.73509979248047
2019-06-07,18.854999542236328,18.854999542236328,18.854999542236328,18.854999542236328,39.0,18.854999542236328
2019-06-10,19.149999618530273,19.059999465942383,19.149999618530273,19.059999465942383,100.0,19.059999465942383
2019-06-11,19.07819938659668,18.8799991607666,18.8799991607666,19.07819938659668,718.0,19.07819938659668
2019-06-12,19.03499984741211,18.920000076293945,18.920000076293945,19.03499984741211,400.0,19.03499984741211
2019-06-13,19.24139976501465,19.1299991607666,19.1299991607666,19.24139976501465,100.0,19.24139976501465
2019-06-14,19.14299964904785,19.029499053955078,19.10700035095215,19.029499053955078,1340.0,19.029499053955078
2019-06-17,18.95490074157715,18.95490074157715,18.95490074157715,18.95490074157715,48.0,18.95490074157715
2019-06-18,19.23900032043457,19.184999465942383,19.23900032043457,19.184999465942383,252.0,19.184999465942383
2019-06-19,19.204999923706055,19.204999923706055,19.204999923706055,19.204999923706055,9.0,19.204999923706055
2019-06-20,19.393600463867188,19.360000610351562,19.360000610351562,19.393600463867188,213.0,19.393600463867188
2019-06-21,19.389999389648438,19.170000076293945,19.389999389648438,19.258499145507812,902.0,19.258499145507812
2019-06-24,19.284799575805664,18.981700897216797,19.18000030517578,18.981700897216797,1512.0,18.981700897216797
2019-06-25,18.993099212646484,18.993099212646484,18.993099212646484,18.993099212646484,9.0,18.993099212646484
2019-06-26,19.02039909362793,19.02039909362793,19.02039909362793,19.02039909362793,9.0,19.02039909362793
2019-06-27,19.300100326538086,19.300100326538086,19.300100326538086,19.300100326538086,9.0,19.300100326538086
2019-06-28,19.71929931640625,19.459999084472656,19.459999084472656,19.71929931640625,314.0,19.71929931640625
2019-07-01,19.82360076904297,19.82360076904297,19.82360076904297,19.82360076904297,10.0,19.82360076904297
2019-07-02,19.46299934387207,19.46299934387207,19.46299934387207,19.46299934387207,0.0,19.46299934387207
2019-07-03,19.6299991607666,19.6299991607666,19.6299991607666,19.6299991607666,5.0,19.6299991607666
2019-07-05,19.850400924682617,19.6299991607666,19.6299991607666,19.850400924682617,105.0,19.850400924682617
2019-07-08,19.6299991607666,19.6299991607666,19.6299991607666,19.6299991607666,1.0,19.6299991607666
2019-07-09,19.5851993560791,19.5851993560791,19.5851993560791,19.5851993560791,130.0,19.5851993560791
2019-07-10,19.594100952148438,19.520000457763672,19.520000457763672,19.594100952148438,100.0,19.594100952148438
2019-07-11,19.739999771118164,19.450000762939453,19.739999771118164,19.450000762939453,159.0,19.450000762939453
2019-07-12,19.684999465942383,19.56999969482422,19.56999969482422,19.684999465942383,191.0,19.684999465942383
2019-07-15,19.55500030517578,19.440000534057617,19.440000534057617,19.55500030517578,100.0,19.55500030517578
2019-07-16,19.57390022277832,19.57390022277832,19.57390022277832,19.57390022277832,3.0,19.57390022277832
2019-07-17,20.1299991607666,19.384700775146484,20.1299991607666,19.459999084472656,1452.0,19.459999084472656
2019-07-18,19.1200008392334,19.1200008392334,19.1200008392334,19.1200008392334,2.0,19.1200008392334
2019-07-19,19.530000686645508,19.209999084472656,19.389999389648438,19.249099731445312,3000.0,19.249099731445312
2019-07-22,19.160200119018555,19.160200119018555,19.160200119018555,19.160200119018555,2.0,19.160200119018555
2019-07-23,19.350000381469727,19.350000381469727,19.350000381469727,19.350000381469727,5.0,19.350000381469727
2019-07-24,19.726299285888672,19.726299285888672,19.726299285888672,19.726299285888672,2.0,19.726299285888672
2019-07-25,19.371000289916992,19.371000289916992,19.371000289916992,19.371000289916992,2.0,19.371000289916992
2019-07-26,19.610000610351562,19.549999237060547,19.549999237060547,19.565000534057617,1820.0,19.565000534057617
2019-07-29,19.399999618530273,19.394699096679688,19.394699096679688,19.399999618530273,415.0,19.399999618530273
2019-07-30,19.732099533081055,19.350000381469727,19.350000381469727,19.732099533081055,500.0,19.732099533081055
2019-07-31,19.804100036621094,19.804100036621094,19.804100036621094,19.804100036621094,15.0,19.804100036621094
2019-08-01,19.690000534057617,19.09000015258789,19.59000015258789,19.152000427246094,1750.0,19.152000427246094
2019-08-02,19.110000610351562,18.549999237060547,19.110000610351562,18.825000762939453,958.0,18.825000762939453
2019-08-05,18.429899215698242,18.200000762939453,18.429899215698242,18.34469985961914,1120.0,18.34469985961914
2019-08-06,18.469999313354492,18.28499984741211,18.469999313354492,18.28499984741211,227.0,18.28499984741211
2019-08-07,18.214799880981445,18.214799880981445,18.214799880981445,18.214799880981445,2.0,18.214799880981445
2019-08-08,18.624099731445312,18.450000762939453,18.450000762939453,18.624099731445312,100.0,18.624099731445312
2019-08-09,18.20680046081543,18.20680046081543,18.20680046081543,18.20680046081543,1.0,18.20680046081543
2019-08-12,18.20680046081543,18.20680046081543,18.20680046081543,18.20680046081543,0.0,18.20680046081543
2019-08-13,18.260000228881836,18.209999084472656,18.260000228881836,18.209999084472656,500.0,18.209999084472656
2019-08-14,17.969999313354492,17.479999542236328,17.969999313354492,17.58989906311035,835.0,17.58989906311035
2019-08-15,17.39259910583496,17.39259910583496,17.39259910583496,17.39259910583496,20.0,17.39259910583496
2019-08-16,17.81679916381836,17.81679916381836,17.81679916381836,17.81679916381836,20.0,17.81679916381836
2019-08-19,18.060800552368164,18.060800552368164,18.060800552368164,18.060800552368164,20.0,18.060800552368164
2019-08-20,17.935199737548828,17.88050079345703,17.935199737548828,17.88050079345703,101.0,17.88050079345703
2019-08-21,18.051000595092773,18.051000595092773,18.051000595092773,18.051000595092773,20.0,18.051000595092773
2019-08-22,18.068899154663086,18.0,18.0,18.068899154663086,103.0,18.068899154663086
2019-08-23,17.8799991607666,17.283100128173828,17.8799991607666,17.283100128173828,250200.0,17.283100128173828
2019-08-26,17.479999542236328,17.479999542236328,17.479999542236328,17.479999542236328,300020.0,17.479999542236328
2019-08-27,17.597299575805664,17.28019905090332,17.597299575805664,17.28019905090332,265536.0,17.28019905090332
2019-08-28,17.492700576782227,17.492700576782227,17.492700576782227,17.492700576782227,300001.0,17.492700576782227
2019-08-29,17.9552001953125,17.65999984741211,17.65999984741211,17.9552001953125,300337.0,17.9552001953125
2019-08-30,17.927900314331055,17.927900314331055,17.927900314331055,17.927900314331055,1.0,17.927900314331055
2019-09-03,17.64620018005371,17.57270050048828,17.64620018005371,17.62619972229004,329.0,17.62619972229004
2019-09-04,17.844600677490234,17.790000915527344,17.790000915527344,17.844600677490234,100.0,17.844600677490234
2019-09-05,18.358600616455078,18.358600616455078,18.358600616455078,18.358600616455078,1.0,18.358600616455078
2019-09-06,18.332399368286133,18.332399368286133,18.332399368286133,18.332399368286133,1.0,18.332399368286133
2019-09-09,18.892499923706055,17.299999237060547,17.299999237060547,18.892499923706055,450.0,18.892499923706055
2019-09-10,19.465999603271484,19.465999603271484,19.465999603271484,19.465999603271484,7.0,19.465999603271484
2019-09-11,19.91029930114746,19.5,19.5,19.91029930114746,410.0,19.91029930114746
2019-09-12,19.81999969482422,19.812299728393555,19.812299728393555,19.81999969482422,252.0,19.81999969482422
2019-09-13,19.989700317382812,19.989700317382812,19.989700317382812,19.989700317382812,1.0,19.989700317382812
2019-09-16,19.965200424194336,19.965200424194336,19.965200424194336,19.965200424194336,1.0,19.965200424194336
2019-09-17,19.863100051879883,19.863100051879883,19.863100051879883,19.863100051879883,20.0,19.863100051879883
2019-09-18,19.7814998626709,19.71500015258789,19.749000549316406,19.71500015258789,440.0,19.71500015258789
2019-09-19,19.559900283813477,19.559900283813477,19.559900283813477,19.559900283813477,1.0,19.559900283813477
2019-09-20,19.512800216674805,19.512800216674805,19.512800216674805,19.512800216674805,1.0,19.512800216674805
2019-09-23,19.606000900268555,19.606000900268555,19.606000900268555,19.606000900268555,1.0,19.606000900268555
2019-09-24,19.267000198364258,19.267000198364258,19.267000198364258,19.267000198364258,20.0,19.267000198364258
2019-09-25,19.489500045776367,19.489500045776367,19.489500045776367,19.489500045776367,240.0,19.489500045776367
2019-09-26,19.286800384521484,19.286800384521484,19.286800384521484,19.286800384521484,1.0,19.286800384521484
2019-09-27,19.24220085144043,19.24220085144043,19.24220085144043,19.24220085144043,1.0,19.24220085144043
2019-09-30,19.28820037841797,19.28820037841797,19.28820037841797,19.28820037841797,1.0,19.28820037841797
2019-10-01,18.864999771118164,18.864999771118164,18.864999771118164,18.864999771118164,244.0,18.864999771118164
2019-10-02,18.530000686645508,18.530000686645508,18.530000686645508,18.530000686645508,2.0,18.530000686645508
2019-10-03,18.585399627685547,18.239999771118164,18.5,18.585399627685547,249.0,18.585399627685547
2019-10-04,18.75950050354004,18.530000686645508,18.530000686645508,18.75950050354004,100.0,18.75950050354004
2019-10-07,18.829999923706055,18.829999923706055,18.829999923706055,18.829999923706055,210.0,18.829999923706055
2019-10-08,18.449899673461914,18.449899673461914,18.449899673461914,18.449899673461914,38.0,18.449899673461914
2019-10-09,18.52790069580078,18.52790069580078,18.52790069580078,18.52790069580078,36.0,18.52790069580078
2019-10-10,18.63640022277832,18.55500030517578,18.55500030517578,18.63640022277832,200.0,18.63640022277832
2019-10-11,19.04640007019043,19.04640007019043,19.04640007019043,19.04640007019043,36.0,19.04640007019043
2019-10-14,18.97249984741211,18.799999237060547,18.799999237060547,18.934999465942383,240.0,18.934999465942383
2019-10-15,19.138099670410156,19.06100082397461,19.114599227905273,19.138099670410156,1590.0,19.138099670410156
2019-10-16,19.17770004272461,19.17770004272461,19.17770004272461,19.17770004272461,36.0,19.17770004272461
2019-10-17,19.385000228881836,19.385000228881836,19.385000228881836,19.385000228881836,103.0,19.385000228881836
2019-10-18,19.342100143432617,19.342100143432617,19.342100143432617,19.342100143432617,60.0,19.342100143432617
2019-10-21,19.719999313354492,19.604900360107422,19.719999313354492,19.604900360107422,500.0,19.604900360107422
2019-10-22,19.7893009185791,19.7893009185791,19.7893009185791,19.7893009185791,10.0,19.7893009185791
2019-10-23,19.893999099731445,19.874399185180664,19.893999099731445,19.874399185180664,210.0,19.874399185180664
2019-10-24,19.709999084472656,19.709999084472656,19.709999084472656,19.709999084472656,60.0,19.709999084472656
2019-10-25,19.920000076293945,19.920000076293945,19.920000076293945,19.920000076293945,2.0,19.920000076293945
2019-10-28,20.110000610351562,19.93000030517578,19.93000030517578,20.083200454711914,2900.0,20.083200454711914
2019-10-29,20.170000076293945,20.170000076293945,20.170000076293945,20.170000076293945,37.0,20.170000076293945
2019-10-30,19.961299896240234,19.961299896240234,19.961299896240234,19.961299896240234,60.0,19.961299896240234
2019-10-31,19.674100875854492,19.674100875854492,19.674100875854492,19.674100875854492,60.0,19.674100875854492
2019-11-01,20.157100677490234,20.157100677490234,20.157100677490234,20.157100677490234,60.0,20.157100677490234
2019-11-04,20.561899185180664,20.561899185180664,20.561899185180664,20.561899185180664,60.0,20.561899185180664
2019-11-05,20.614700317382812,20.614700317382812,20.614700317382812,20.614700317382812,60.0,20.614700317382812
2019-11-06,20.48110008239746,20.48110008239746,20.48110008239746,20.48110008239746,60.0,20.48110008239746
2019-11-07,20.799999237060547,20.677499771118164,20.799999237060547,20.677499771118164,670.0,20.677499771118164
2019-11-08,20.71980094909668,20.667999267578125,20.667999267578125,20.71980094909668,230.0,20.71980094909668
2019-11-11,20.59630012512207,20.59630012512207,20.59630012512207,20.59630012512207,2.0,20.59630012512207
2019-11-12,20.59429931640625,20.5674991607666,20.59429931640625,20.5674991607666,195.0,20.5674991607666
2019-11-13,20.38759994506836,20.38759994506836,20.38759994506836,20.38759994506836,1.0,20.38759994506836
2019-11-14,20.355600357055664,20.355600357055664,20.355600357055664,20.355600357055664,11.0,20.355600357055664
2019-11-15,20.440000534057617,20.33180046081543,20.440000534057617,20.355300903320312,353.0,20.355300903320312
2019-11-18,20.172000885009766,20.172000885009766,20.172000885009766,20.172000885009766,25.0,20.172000885009766
2019-11-19,20.079700469970703,20.079700469970703,20.079700469970703,20.079700469970703,60.0,20.079700469970703
2019-11-20,19.90959930419922,19.90959930419922,19.90959930419922,19.90959930419922,60.0,19.90959930419922
2019-11-21,19.812999725341797,19.812999725341797,19.812999725341797,19.812999725341797,60.0,19.812999725341797
2019-11-22,19.959999084472656,19.959999084472656,19.959999084472656,19.959999084472656,60.0,19.959999084472656
2019-11-25,20.399999618530273,20.31999969482422,20.329200744628906,20.359100341796875,2317.0,20.359100341796875
2019-11-26,20.348600387573242,20.348600387573242,20.348600387573242,20.348600387573242,60.0,20.348600387573242
2019-11-27,20.435199737548828,20.435199737548828,20.435199737548828,20.435199737548828,25.0,20.435199737548828
2019-11-29,20.270000457763672,20.1200008392334,20.149999618530273,20.266599655151367,1580.0,20.266599655151367
2019-12-02,20.137100219726562,20.137100219726562,20.137100219726562,20.137100219726562,87.0,20.137100219726562
2019-12-03,19.954999923706055,19.954999923706055,19.954999923706055,19.954999923706055,70.0,19.954999923706055
2019-12-04,20.104999542236328,20.104999542236328,20.104999542236328,20.104999542236328,60.0,20.104999542236328
2019-12-05,20.125,20.125,20.125,20.125,60.0,20.125
2019-12-06,20.485000610351562,20.485000610351562,20.485000610351562,20.485000610351562,60.0,20.485000610351562
2019-12-09,20.47949981689453,20.442699432373047,20.442699432373047,20.47949981689453,183.0,20.47949981689453
2019-12-10,20.422000885009766,20.422000885009766,20.422000885009766,20.422000885009766,60.0,20.422000885009766
2019-12-11,20.46179962158203,20.420000076293945,20.420000076293945,20.46179962158203,800.0,20.46179962158203
2019-12-12,20.799400329589844,20.540000915527344,20.542699813842773,20.799400329589844,4700.0,20.799400329589844
2019-12-13,20.6476993560791,20.6476993560791,20.6476993560791,20.6476993560791,25.0,20.6476993560791
2019-12-16,21.020000457763672,20.750999450683594,20.87150001525879,20.750999450683594,3666.0,20.750999450683594
2019-12-17,20.876100540161133,20.84000015258789,20.84000015258789,20.876100540161133,1115.0,20.876100540161133
2019-12-18,20.958200454711914,20.899999618530273,20.899999618530273,20.958200454711914,2356.0,20.958200454711914
2019-12-19,20.93000030517578,20.8700008392334,20.93000030517578,20.914499282836914,1401.0,20.914499282836914
2019-12-20,20.89259910583496,20.89259910583496,20.89259910583496,20.89259910583496,50.0,20.89259910583496
2019-12-23,20.94029998779297,20.94029998779297,20.94029998779297,20.94029998779297,1.0,20.94029998779297
2019-12-24,20.989999771118164,20.989999771118164,20.989999771118164,20.989999771118164,101.0,20.989999771118164
2019-12-26,21.0,20.955400466918945,21.0,20.955400466918945,220.0,20.955400466918945
2019-12-27,21.309999465942383,20.838600158691406,21.309999465942383,20.838600158691406,100.0,20.838600158691406
2019-12-30,20.830699920654297,20.730100631713867,20.730100631713867,20.830699920654297,201.0,20.830699920654297
2019-12-31,20.957199096679688,20.957199096679688,20.957199096679688,20.957199096679688,2.0,20.957199096679688
2020-01-02,20.959999084472656,20.830699920654297,20.959999084472656,20.830699920654297,2390.0,20.830699920654297
2020-01-03,20.679399490356445,20.679399490356445,20.679399490356445,20.679399490356445,2.0,20.679399490356445
2020-01-06,20.688100814819336,20.63990020751953,20.63990020751953,20.688100814819336,206.0,20.688100814819336
2020-01-07,20.606300354003906,20.574899673461914,20.574899673461914,20.606300354003906,200.0,20.606300354003906
2020-01-08,20.543899536132812,20.543899536132812,20.543899536132812,20.543899536132812,1.0,20.543899536132812
2020-01-09,20.458200454711914,20.458200454711914,20.458200454711914,20.458200454711914,1.0,20.458200454711914
2020-01-10,20.28969955444336,20.28969955444336,20.28969955444336,20.28969955444336,1.0,20.28969955444336
2020-01-13,20.398500442504883,20.398500442504883,20.398500442504883,20.398500442504883,1.0,20.398500442504883
2020-01-14,20.485700607299805,20.485700607299805,20.485700607299805,20.485700607299805,7.0,20.485700607299805
2020-01-15,20.45050048828125,20.45050048828125,20.45050048828125,20.45050048828125,1.0,20.45050048828125
2020-01-16,20.800399780273438,20.800399780273438,20.800399780273438,20.800399780273438,1.0,20.800399780273438
2020-01-17,20.709999084472656,20.709999084472656,20.709999084472656,20.709999084472656,1.0,20.709999084472656
2020-01-21,20.41819953918457,20.41819953918457,20.41819953918457,20.41819953918457,10.0,20.41819953918457
2020-01-22,20.329999923706055,20.329999923706055,20.329999923706055,20.329999923706055,10.0,20.329999923706055
2020-01-23,20.30470085144043,20.239999771118164,20.239999771118164,20.30470085144043,304.0,20.30470085144043
2020-01-24,19.97319984436035,19.97319984436035,19.97319984436035,19.97319984436035,1.0,19.97319984436035
2020-01-27,19.6294002532959,19.6294002532959,19.6294002532959,19.6294002532959,50.0,19.6294002532959
2020-01-28,19.739900588989258,19.704999923706055,19.739900588989258,19.704999923706055,305.0,19.704999923706055
2020-01-29,19.527299880981445,19.527299880981445,19.527299880981445,19.527299880981445,1.0,19.527299880981445
2020-01-30,19.43670082092285,19.239999771118164,19.239999771118164,19.43670082092285,100.0,19.43670082092285
2020-01-31,19.079999923706055,18.996000289916992,19.079999923706055,18.996000289916992,101.0,18.996000289916992
2020-02-03,19.04010009765625,19.04010009765625,19.04010009765625,19.04010009765625,1.0,19.04010009765625
2020-02-04,19.235000610351562,19.235000610351562,19.235000610351562,19.235000610351562,35.0,19.235000610351562
2020-02-05,19.761499404907227,19.559999465942383,19.559999465942383,19.761499404907227,100.0,19.761499404907227
2020-02-06,19.643299102783203,19.643299102783203,19.643299102783203,19.643299102783203,1.0,19.643299102783203
2020-02-07,19.29400062561035,19.29400062561035,19.29400062561035,19.29400062561035,1.0,19.29400062561035
2020-02-10,19.260000228881836,19.24329948425293,19.260000228881836,19.24329948425293,310.0,19.24329948425293
2020-02-11,19.48550033569336,19.48550033569336,19.48550033569336,19.48550033569336,2.0,19.48550033569336
2020-02-12,19.695199966430664,19.66550064086914,19.66550064086914,19.695199966430664,104.0,19.695199966430664
2020-02-13,19.665000915527344,19.665000915527344,19.665000915527344,19.665000915527344,2.0,19.665000915527344
2020-02-14,19.613800048828125,19.56559944152832,19.613800048828125,19.56559944152832,300.0,19.56559944152832
2020-02-18,19.479999542236328,19.422300338745117,19.479999542236328,19.422300338745117,370.0,19.422300338745117
2020-02-19,19.620399475097656,19.620399475097656,19.620399475097656,19.620399475097656,30.0,19.620399475097656
2020-02-20,19.7549991607666,19.7549991607666,19.7549991607666,19.7549991607666,2.0,19.7549991607666
2020-02-21,19.566499710083008,19.566499710083008,19.566499710083008,19.566499710083008,34.0,19.566499710083008
2020-02-24,18.905399322509766,18.905399322509766,18.905399322509766,18.905399322509766,2.0,18.905399322509766
2020-02-25,18.177200317382812,18.177200317382812,18.177200317382812,18.177200317382812,1.0,18.177200317382812
2020-02-26,18.07710075378418,17.774099349975586,18.07710075378418,17.774099349975586,801.0,17.774099349975586
2020-02-27,17.27090072631836,17.27090072631836,17.27090072631836,17.27090072631836,10.0,17.27090072631836
2020-02-28,17.016799926757812,17.0,17.0,17.016799926757812,220.0,17.016799926757812
2020-03-02,17.297500610351562,17.297500610351562,17.297500610351562,17.297500610351562,2.0,17.297500610351562
2020-03-03,17.170000076293945,16.876800537109375,17.170000076293945,16.876800537109375,15318.0,16.876800537109375
2020-03-04,17.219100952148438,17.100000381469727,17.100000381469727,17.219100952148438,100.0,17.219100952148438
2020-03-05,16.780000686645508,16.530000686645508,16.780000686645508,16.530000686645508,400.0,16.530000686645508
2020-03-06,16.350000381469727,15.65999984741211,16.350000381469727,16.09589958190918,1102.0,16.09589958190918
2020-03-09,15.34000015258789,14.489999771118164,14.489999771118164,14.640000343322754,4956.0,14.640000343322754
2020-03-10,14.84179973602295,14.270000457763672,14.289999961853027,14.84179973602295,1126.0,14.84179973602295
2020-03-11,14.279999732971191,13.949999809265137,14.279999732971191,13.996899604797363,1600.0,13.996899604797363
2020-03-12,12.720000267028809,12.529999732971191,12.595000267028809,12.529999732971191,2160.0,12.529999732971191
2020-03-13,13.27560043334961,13.27560043334961,13.27560043334961,13.27560043334961,14.0,13.27560043334961
2020-03-16,12.46560001373291,12.100000381469727,12.46560001373291,12.449999809265137,1358.0,12.449999809265137
2020-03-17,12.472100257873535,11.890000343322754,11.890000343322754,12.472100257873535,986.0,12.472100257873535
2020-03-18,12.100000381469727,11.229999542236328,12.100000381469727,11.229999542236328,1815.0,11.229999542236328
2020-03-19,11.85830020904541,11.732099533081055,11.732099533081055,11.85830020904541,102.0,11.85830020904541
2020-03-20,11.970000267028809,11.462800025939941,11.970000267028809,11.462800025939941,3379.0,11.462800025939941
2020-03-23,11.394000053405762,11.302000045776367,11.394000053405762,11.302000045776367,501.0,11.302000045776367
2020-03-24,11.949999809265137,11.789999961853027,11.834600448608398,11.945099830627441,1514.0,11.945099830627441
2020-03-25,12.57349967956543,11.960000038146973,11.960000038146973,12.57349967956543,485.0,12.57349967956543
2020-03-26,13.019200325012207,12.859999656677246,12.91100025177002,13.019200325012207,393.0,13.019200325012207
2020-03-27,12.6899995803833,12.61340045928955,12.65999984741211,12.61340045928955,1298.0,12.61340045928955
2020-03-30,12.57450008392334,12.569999694824219,12.569999694824219,12.57450008392334,1385.0,12.57450008392334
2020-03-31,12.539400100708008,12.539400100708008,12.539400100708008,12.539400100708008,2.0,12.539400100708008
2020-04-01,12.185600280761719,11.678999900817871,12.185600280761719,11.678999900817871,3357.0,11.678999900817871
2020-04-02,11.763299942016602,11.763299942016602,11.763299942016602,11.763299942016602,2.0,11.763299942016602
2020-04-03,11.939000129699707,11.434599876403809,11.939000129699707,11.434599876403809,668.0,11.434599876403809
2020-04-06,12.409899711608887,12.399999618530273,12.399999618530273,12.409899711608887,104.0,12.409899711608887
2020-04-07,12.679300308227539,12.59000015258789,12.679300308227539,12.59000015258789,100.0,12.59000015258789
2020-04-08,13.151399612426758,13.151399612426758,13.151399612426758,13.151399612426758,2.0,13.151399612426758
2020-04-09,13.739999771118164,13.739999771118164,13.739999771118164,13.739999771118164,50.0,13.739999771118164
2020-04-13,13.449999809265137,13.449999809265137,13.449999809265137,13.449999809265137,15.0,13.449999809265137
2020-04-14,13.569999694824219,13.380000114440918,13.380000114440918,13.569999694824219,178.0,13.569999694824219
2020-04-15,12.90999984741211,12.90999984741211,12.90999984741211,12.90999984741211,59.0,12.90999984741211
2020-04-16,12.625,12.625,12.625,12.625,111.0,12.625
2020-04-17,13.292200088500977,13.292200088500977,13.292200088500977,13.292200088500977,8.0,13.292200088500977
2020-04-20,13.229999542236328,12.93280029296875,13.229999542236328,12.93280029296875,507.0,12.93280029296875
2020-04-21,13.140000343322754,12.726900100708008,13.140000343322754,12.8100004196167,931.0,12.8100004196167
2020-04-22,12.995200157165527,12.995200157165527,12.995200157165527,12.995200157165527,31.0,12.995200157165527
2020-04-23,13.215399742126465,13.215399742126465,13.215399742126465,13.215399742126465,5.0,13.215399742126465
2020-04-24,13.380000114440918,13.380000114440918,13.380000114440918,13.380000114440918,221.0,13.380000114440918
2020-04-27,14.201600074768066,14.045900344848633,14.045900344848633,14.201600074768066,136.0,14.201600074768066
2020-04-28,15.300000190734863,14.422599792480469,15.300000190734863,14.422599792480469,1305.0,14.422599792480469
2020-04-29,15.364999771118164,15.364999771118164,15.364999771118164,15.364999771118164,317.0,15.364999771118164
2020-04-30,15.25,14.730799674987793,15.25,14.805500030517578,598.0,14.805500030517578
2020-05-01,14.169099807739258,14.100000381469727,14.100000381469727,14.169099807739258,308.0,14.169099807739258
2020-05-04,14.300000190734863,14.065400123596191,14.300000190734863,14.065400123596191,802.0,14.065400123596191
2020-05-05,14.076000213623047,13.949999809265137,14.003999710083008,13.95300006866455,496.0,13.95300006866455
2020-05-06,13.815799713134766,13.815799713134766,13.815799713134766,13.815799713134766,54.0,13.815799713134766
2020-05-07,14.076199531555176,13.989999771118164,14.076199531555176,13.989999771118164,105.0,13.989999771118164
2020-05-08,14.706500053405762,14.706500053405762,14.706500053405762,14.706500053405762,108.0,14.706500053405762
2020-05-11,14.930000305175781,14.457500457763672,14.930000305175781,14.457500457763672,5097.0,14.457500457763672
2020-05-12,14.59000015258789,13.859999656677246,14.369999885559082,13.859999656677246,11076.0,13.859999656677246
2020-05-13,13.729999542236328,13.630000114440918,13.729999542236328,13.630000114440918,106.0,13.630000114440918
2020-05-14,13.336899757385254,13.100199699401855,13.329899787902832,13.336899757385254,935.0,13.336899757385254
2020-05-15,13.529999732971191,13.279999732971191,13.529999732971191,13.279999732971191,2525.0,13.279999732971191
2020-05-18,14.859999656677246,14.100000381469727,14.859999656677246,14.604999542236328,4535.0,14.604999542236328
2020-05-19,14.56470012664795,14.56470012664795,14.56470012664795,14.56470012664795,291.0,14.56470012664795
2020-05-20,14.670499801635742,14.619999885559082,14.619999885559082,14.670499801635742,231.0,14.670499801635742
2020-05-21,14.845100402832031,14.845100402832031,14.845100402832031,14.845100402832031,272.0,14.845100402832031
2020-05-22,15.380000114440918,15.170000076293945,15.170000076293945,15.380000114440918,242.0,15.380000114440918
2020-05-26,16.079999923706055,15.609999656677246,16.079999923706055,15.609999656677246,847.0,15.609999656677246
2020-05-27,16.200000762939453,16.200000762939453,16.200000762939453,16.200000762939453,98.0,16.200000762939453
2020-05-28,15.720600128173828,15.720600128173828,15.720600128173828,15.720600128173828,161.0,15.720600128173828
2020-05-29,15.550000190734863,15.550000190734863,15.550000190734863,15.550000190734863,226.0,15.550000190734863
2020-06-01,15.800000190734863,15.619999885559082,15.670000076293945,15.662500381469727,1074.0,15.662500381469727
2020-06-02,15.8572998046875,15.8572998046875,15.8572998046875,15.8572998046875,16.0,15.8572998046875
2020-06-03,16.40519905090332,16.40519905090332,16.40519905090332,16.40519905090332,16.0,16.40519905090332
2020-06-04,16.62470054626465,16.62470054626465,16.62470054626465,16.62470054626465,1.0,16.62470054626465
2020-06-05,17.709999084472656,17.559999465942383,17.559999465942383,17.709999084472656,214.0,17.709999084472656
2020-06-08,17.95989990234375,17.630199432373047,17.949899673461914,17.909000396728516,2768.0,17.909000396728516
2020-06-09,17.924999237060547,17.924999237060547,17.924999237060547,17.924999237060547,27.0,17.924999237060547
2020-06-10,17.65999984741211,17.079999923706055,17.459999084472656,17.079999923706055,6386.0,17.079999923706055
2020-06-11,15.551300048828125,15.510000228881836,15.551300048828125,15.510000228881836,524.0,15.510000228881836
2020-06-12,15.76159954071045,14.73009967803955,14.73009967803955,15.76159954071045,189.0,15.76159954071045
2020-06-15,15.923600196838379,15.923600196838379,15.923600196838379,15.923600196838379,1415099.0,15.923600196838379
2020-06-16,16.549999237060547,16.395200729370117,16.5,16.395200729370117,614.0,16.395200729370117
2020-06-17,16.024999618530273,16.024999618530273,16.262699127197266,16.024999618530273,108.0,16.024999618530273
2020-06-18,16.099899291992188,16.040000915527344,16.099899291992188,16.040000915527344,986.0,16.040000915527344
2020-06-19,16.0,15.585000038146973,15.649999618530273,15.819999694824219,2168.0,15.819999694824219
2020-06-22,15.979999542236328,15.979999542236328,15.979999542236328,15.979999542236328,181.0,15.979999542236328
2020-06-23,16.049999237060547,15.940699577331543,16.020000457763672,16.01490020751953,1730.0,16.01490020751953
2020-06-24,15.640000343322754,15.229999542236328,15.229999542236328,15.520000457763672,1108.0,15.520000457763672
2020-06-25,14.550000190734863,14.09000015258789,14.550000190734863,14.351799964904785,545.0,14.351799964904785
2020-06-26,14.300000190734863,13.75,13.75,14.20419979095459,1070.0,14.20419979095459
2020-06-29,14.739999771118164,14.569999694824219,14.709600448608398,14.569999694824219,3669.0,14.569999694824219
2020-06-30,15.017600059509277,14.4399995803833,14.4399995803833,15.017600059509277,530.0,15.017600059509277
2020-07-01,14.85990047454834,14.670100212097168,14.85990047454834,14.739999771118164,278.0,14.739999771118164
2020-07-02,14.771900177001953,14.720600128173828,14.771900177001953,14.720600128173828,175.0,14.720600128173828
2020-07-08,14.729999542236328,14.460000038146973,14.460000038146973,14.655599594116211,3397.0,14.655599594116211
2020-07-09,14.294899940490723,14.294899940490723,14.294899940490723,14.294899940490723,62.0,14.294899940490723
2020-07-10,14.571200370788574,14.260000228881836,14.4399995803833,14.571200370788574,265.0,14.571200370788574
2020-07-13,14.611800193786621,14.611800193786621,14.611800193786621,14.611800193786621,92.0,14.611800193786621
2020-07-14,14.725000381469727,14.725000381469727,14.725000381469727,14.725000381469727,69.0,14.725000381469727
2020-07-15,15.454999923706055,15.180000305175781,15.25,15.454999923706055,1065.0,15.454999923706055
2020-07-16,15.469499588012695,15.469499588012695,15.469499588012695,15.469499588012695,30.0,15.469499588012695
2020-07-17,15.3100004196167,15.260000228881836,15.3100004196167,15.300000190734863,1119.0,15.300000190734863
2020-07-20,15.0649995803833,15.0649995803833,15.0649995803833,15.0649995803833,43.0,15.0649995803833
2020-07-21,15.699999809265137,15.410300254821777,15.410300254821777,15.501899719238281,1342.0,15.501899719238281
2020-07-22,15.579999923706055,15.494999885559082,15.579999923706055,15.494999885559082,142.0,15.494999885559082
2020-07-23,15.395000457763672,15.395000457763672,15.395000457763672,15.395000457763672,33.0,15.395000457763672
2020-07-24,15.420000076293945,15.420000076293945,15.420000076293945,15.420000076293945,38.0,15.420000076293945
2020-07-27,15.518600463867188,15.399999618530273,15.518600463867188,15.409600257873535,1014.0,15.409600257873535
2020-07-28,15.44890022277832,15.44890022277832,15.44890022277832,15.44890022277832,20.0,15.44890022277832
2020-07-29,15.590200424194336,15.460000038146973,15.460000038146973,15.590200424194336,402.0,15.590200424194336
2020-07-30,15.583700180053711,15.583700180053711,15.583700180053711,15.583700180053711,26.0,15.583700180053711
2020-07-31,15.453100204467773,15.437999725341797,15.437999725341797,15.453100204467773,218.0,15.453100204467773
2020-08-03,15.123900413513184,15.123900413513184,15.123900413513184,15.123900413513184,9.0,15.123900413513184
2020-08-04,15.859999656677246,15.649999618530273,15.859999656677246,15.790800094604492,479.0,15.790800094604492
2020-08-05,16.04960060119629,16.04960060119629,16.04960060119629,16.04960060119629,24.0,16.04960060119629
2020-08-06,16.11989974975586,15.844400405883789,16.11989974975586,15.844400405883789,909.0,15.844400405883789
2020-08-07,16.44409942626953,16.44409942626953,16.44409942626953,16.44409942626953,116.0,16.44409942626953
2020-08-10,17.21109962463379,16.8700008392334,16.940000534057617,17.21109962463379,1274.0,17.21109962463379
2020-08-11,17.530000686645508,17.3799991607666,17.5,17.43939971923828,864.0,17.43939971923828
2020-08-12,17.239999771118164,17.009000778198242,17.239999771118164,17.009000778198242,237.0,17.009000778198242
2020-08-13,16.844999313354492,16.844999313354492,16.844999313354492,16.844999313354492,117.0,16.844999313354492
2020-08-14,17.050399780273438,15.65999984741211,15.65999984741211,16.42889976501465,502.0,16.42889976501465
2020-08-17,17.059999465942383,16.86009979248047,16.86009979248047,16.9950008392334,1092.0,16.9950008392334
2020-08-18,16.829999923706055,16.572099685668945,16.829999923706055,16.572099685668945,506.0,16.572099685668945
2020-08-19,16.665300369262695,16.594999313354492,16.6200008392334,16.594999313354492,621.0,16.594999313354492
2020-08-20,16.54759979248047,16.5049991607666,16.54759979248047,16.526199340820312,493.0,16.526199340820312
2020-08-21,16.56999969482422,16.110000610351562,16.56999969482422,16.170000076293945,5649.0,16.170000076293945
2020-08-24,16.68000030517578,16.280000686645508,16.68000030517578,16.445600509643555,9254.0,16.445600509643555
2020-08-25,16.7450008392334,16.7450008392334,16.7450008392334,16.7450008392334,37.0,16.7450008392334
2020-08-26,16.65999984741211,16.65999984741211,16.65999984741211,16.65999984741211,4.0,16.65999984741211
2020-08-27,16.649200439453125,16.600000381469727,16.600000381469727,16.649200439453125,169.0,16.649200439453125
2020-08-28,16.81999969482422,16.81999969482422,16.81999969482422,16.81999969482422,71.0,16.81999969482422
2020-08-31,16.725299835205078,16.725299835205078,16.725299835205078,16.725299835205078,6.0,16.725299835205078
2020-09-01,16.80470085144043,16.725000381469727,16.725000381469727,16.729999542236328,511.0,16.729999542236328
2020-09-02,17.010000228881836,17.010000228881836,17.010000228881836,17.010000228881836,134.0,17.010000228881836
2020-09-03,17.020000457763672,16.84000015258789,17.020000457763672,16.84000015258789,1067.0,16.84000015258789
2020-09-04,16.780000686645508,16.780000686645508,16.780000686645508,16.780000686645508,202.0,16.780000686645508
2020-09-08,16.530000686645508,16.438199996948242,16.530000686645508,16.438199996948242,145.0,16.438199996948242
2020-09-09,16.594999313354492,16.594999313354492,16.594999313354492,16.594999313354492,11.0,16.594999313354492
2020-09-10,16.850000381469727,16.182600021362305,16.850000381469727,16.182600021362305,705.0,16.182600021362305
2020-09-11,16.32990074157715,16.299999237060547,16.32990074157715,16.299999237060547,175.0,16.299999237060547
2020-09-14,16.799999237060547,16.385000228881836,16.649999618530273,16.795000076293945,5452.0,16.795000076293945
2020-09-15,16.674999237060547,16.674999237060547,16.674999237060547,16.674999237060547,3.0,16.674999237060547
2020-09-16,17.030000686645508,17.005300521850586,17.030000686645508,17.005300521850586,359.0,17.005300521850586
2020-09-17,16.844999313354492,16.809999465942383,16.809999465942383,16.844999313354492,1419.0,16.844999313354492
2020-09-18,16.774999618530273,16.774999618530273,16.774999618530273,16.774999618530273,7.0,16.774999618530273
2020-09-21,15.861200332641602,15.670000076293945,15.770000457763672,15.859999656677246,1457.0,15.859999656677246
2020-09-22,16.149999618530273,16.139999389648438,16.139999389648438,16.149999618530273,699.0,16.149999618530273
2020-09-23,15.890000343322754,15.433199882507324,15.890000343322754,15.433199882507324,651.0,15.433199882507324
2020-09-24,15.617799758911133,15.550000190734863,15.550000190734863,15.596199989318848,610.0,15.596199989318848
2020-09-25,16.014999389648438,14.600000381469727,14.600000381469727,16.014999389648438,836.0,16.014999389648438
2020-09-28,16.25,15.680000305175781,16.110000610351562,15.893500328063965,9773.0,15.893500328063965
2020-09-29,16.190000534057617,15.5600004196167,16.190000534057617,15.633700370788574,1895.0,15.633700370788574
2020-09-30,16.271499633789062,15.994999885559082,16.1200008392334,15.994999885559082,1252.0,15.994999885559082
2020-10-01,16.540000915527344,16.175600051879883,16.540000915527344,16.175600051879883,591.0,16.175600051879883
2020-10-02,16.455799102783203,16.030000686645508,16.040000915527344,16.455799102783203,2633.0,16.455799102783203
2020-10-05,17.065000534057617,17.065000534057617,17.065000534057617,17.065000534057617,39.0,17.065000534057617
2020-10-06,16.924999237060547,16.924999237060547,16.924999237060547,16.924999237060547,184.0,16.924999237060547
2020-10-07,17.3700008392334,17.3700008392334,17.3700008392334,17.3700008392334,73.0,17.3700008392334
2020-10-08,17.649999618530273,17.649999618530273,17.649999618530273,17.649999618530273,16.0,17.649999618530273
2020-10-09,17.651599884033203,17.651599884033203,17.651599884033203,17.651599884033203,4.0,17.651599884033203
2020-10-12,17.520000457763672,17.450000762939453,17.450000762939453,17.520000457763672,219.0,17.520000457763672
2020-10-13,17.371599197387695,17.179800033569336,17.371599197387695,17.179800033569336,489.0,17.179800033569336
2020-10-14,17.179800033569336,17.179800033569336,17.179800033569336,17.179800033569336,0.0,17.179800033569336
2020-10-15,17.179800033569336,17.179800033569336,17.179800033569336,17.179800033569336,0.0,17.179800033569336
2020-10-16,17.179800033569336,17.179800033569336,17.179800033569336,17.179800033569336,0.0,17.179800033569336
2020-10-19,17.179800033569336,17.179800033569336,17.179800033569336,17.179800033569336,0.0,17.179800033569336
2020-10-20,17.179800033569336,17.179800033569336,17.179800033569336,17.179800033569336,0.0,17.179800033569336
2020-10-21,17.179800033569336,17.179800033569336,17.179800033569336,17.179800033569336,0.0,17.179800033569336
2020-10-22,17.179800033569336,17.179800033569336,17.179800033569336,17.179800033569336,0.0,17.179800033569336
2020-10-23,17.179800033569336,17.179800033569336,17.179800033569336,17.179800033569336,0.0,17.179800033569336
2020-10-26,17.179800033569336,17.179800033569336,17.179800033569336,17.179800033569336,0.0,17.179800033569336
2020-10-27,17.179800033569336,17.179800033569336,17.179800033569336,17.179800033569336,0.0,17.179800033569336
2020-10-28,17.179800033569336,17.179800033569336,17.179800033569336,17.179800033569336,0.0,17.179800033569336
2020-10-29,17.179800033569336,17.179800033569336,17.179800033569336,17.179800033569336,0.0,17.179800033569336
2020-10-30,17.179800033569336,17.179800033569336,17.179800033569336,17.179800033569336,0.0,17.179800033569336
2020-11-02,17.179800033569336,17.179800033569336,17.179800033569336,17.179800033569336,0.0,17.179800033569336
2020-11-03,17.179800033569336,17.179800033569336,17.179800033569336,17.179800033569336,0.0,17.179800033569336
